"# Training Configuration: epochs=400, batch_size=16"
"# Learning Rate: 0.0001, Weight Decay: 0.00015, Alpha: 0.85, Beta: 0.15"
# Timestamp: 2026-09-20 14:17:11

epoch,train_loss,val_loss,val_gloss_acc,val_cat_acc,lr,epoch_time,gpu_memory_allocated,gpu_memory_reserved
6,3.172966480255127,2.7304746168000356,0.2204724409448819,0.9662542182227222,9.999843440845201e-05,27.6408588886261,0.0,0.0
7,3.064117670059204,2.6689166128635406,0.24184476940382452,0.96962879640045,9.999373773284145e-05,25.231447219848633,0.0,0.0
8,3.2248964309692383,2.5152506668652808,0.23397075365579303,0.9752530933633295,9.998591027026227e-05,24.689547061920166,0.0,0.0
9,2.193993091583252,2.469461956194469,0.2440944881889764,0.9730033745781778,9.997495251585021e-05,24.45480966567993,0.0,0.0
10,2.4944658279418945,2.4247511071818217,0.2508436445444319,0.9752530933633295,9.996086516275143e-05,25.123360872268677,0.0,0.0
11,2.266873598098755,2.327435679733753,0.2722159730033746,0.9797525309336333,9.994364910207872e-05,26.783808946609497,0.0,0.0
12,1.9959628582000732,2.286001325717994,0.27896512935883017,0.983127109111361,9.992330542285506e-05,26.973222970962524,0.0,0.0
13,2.3959994316101074,2.2509800770453046,0.3014623172103487,0.9808773903262092,9.989983541194477e-05,25.933019399642944,0.0,0.0
14,2.663259267807007,2.165363235133035,0.3340832395950506,0.9876265466816648,9.987324055397214e-05,29.997865438461304,0.0,0.0
15,2.6272172927856445,2.1473197968942777,0.3295838020247469,0.9865016872890888,9.984352253122745e-05,23.254687786102295,0.0,0.0
16,1.3453891277313232,2.1314549712198123,0.33858267716535434,0.9887514060742407,9.981068322356062e-05,23.855916738510132,0.0,0.0
17,1.9766769409179688,2.0379627676946774,0.36670416197975253,0.9898762654668166,9.977472470826224e-05,26.761682510375977,0.0,0.0
18,2.662404775619507,2.04939593108637,0.3734533183352081,0.983127109111361,9.973564925993224e-05,25.423460721969604,0.0,0.0
19,1.9284980297088623,2.087119256279298,0.35995500562429694,0.968503937007874,9.969345935033594e-05,23.0482177734375,0.0,0.0
20,2.322092294692993,1.9399578182825021,0.3948256467941507,0.9876265466816648,9.964815764824769e-05,22.427438259124756,0.0,0.0
21,0.977255642414093,1.955607815512589,0.3847019122609674,0.9865016872890888,9.959974701928215e-05,29.975983142852783,0.0,0.0
22,1.700762152671814,1.9954670646360941,0.3925759280089989,0.9887514060742407,9.954823052571286e-05,27.445051193237305,0.0,0.0
23,1.6743429899215698,1.9870531266289098,0.38357705286839144,0.984251968503937,9.949361142627874e-05,26.557868003845215,0.0,0.0
24,1.17489492893219,1.9056448489427567,0.4150731158605174,0.9887514060742407,9.943589317597776e-05,22.13614535331726,0.0,0.0
25,1.3641232252120972,1.8457690770072597,0.42407199100112486,0.9898762654668166,9.93750794258485e-05,21.616023778915405,0.0,0.0
26,1.9777610301971436,1.9262734867100204,0.4026996625421822,0.9876265466816648,9.93111740227392e-05,21.846333265304565,0.0,0.0
27,2.1987340450286865,1.9219774869935853,0.42744656917885265,0.9786276715410573,9.924418100906433e-05,22.076836109161377,0.0,0.0
28,1.039515733718872,1.88359363589968,0.4094488188976378,0.984251968503937,9.917410462254898e-05,22.007375478744507,0.0,0.0
29,1.1848986148834229,1.8774037810840778,0.40832395950506184,0.9910011248593926,9.91009492959608e-05,21.853461742401123,0.0,0.0
30,2.4070935249328613,1.7880422196217947,0.4645669291338583,0.9910011248593926,9.90247196568295e-05,24.4926335811615,0.0,0.0
31,1.7333261966705322,1.79503657056817,0.4454443194600675,0.9910011248593926,9.89454205271542e-05,21.886048555374146,0.0,0.0
32,1.5450748205184937,1.817380908078381,0.4431946006749156,0.9887514060742407,9.886305692309847e-05,21.794750213623047,0.0,0.0
33,2.4103760719299316,1.7965858054480381,0.45106861642294716,0.9898762654668166,9.877763405467288e-05,21.689147472381592,0.0,0.0
34,1.231040358543396,1.7770835730646337,0.44769403824521936,0.9921259842519685,9.868915732540554e-05,21.745280265808105,0.0,0.0
35,1.8598977327346802,1.800656822776156,0.4465691788526434,0.9898762654668166,9.85976323320003e-05,21.90745759010315,0.0,0.0
36,1.2054252624511719,1.753687471018306,0.46906636670416196,0.9898762654668166,9.850306486398262e-05,22.016428232192993,0.0,0.0
37,1.4704762697219849,1.7226972444249051,0.46006749156355453,0.9898762654668166,9.840546090333349e-05,22.254114627838135,0.0,0.0
38,2.282564640045166,1.8072588417146886,0.45219347581552305,0.9910011248593926,9.83048266241109e-05,21.683810234069824,0.0,0.0
39,1.8905820846557617,1.7318578973146421,0.4668166479190101,0.9876265466816648,9.820116839205939e-05,21.574018478393555,0.0,0.0
40,1.9953685998916626,1.7028111148891705,0.47919010123734535,0.9921259842519685,9.80944927642073e-05,26.569007396697998,0.0,0.0
41,1.98931884765625,1.7278946594202094,0.47581552305961755,0.9921259842519685,9.798480648845209e-05,27.5161190032959,0.0,0.0
42,1.5881863832473755,1.6898833676241338,0.47581552305961755,0.9932508436445444,9.787211650313338e-05,24.62659740447998,0.0,0.0
43,1.9287337064743042,1.689899771740394,0.48031496062992124,0.9876265466816648,9.775642993659416e-05,24.46318244934082,0.0,0.0
44,2.4537055492401123,1.7504971507670624,0.4611923509561305,0.9943757030371203,9.763775410672982e-05,22.398777723312378,0.0,0.0
45,1.5676957368850708,1.6948390009679966,0.48931383577052867,0.9910011248593926,9.751609652052523e-05,21.732526540756226,0.0,0.0
46,1.6394070386886597,1.661900456861726,0.4949381327334083,0.9921259842519685,9.739146487357994e-05,21.43821930885315,0.0,0.0
47,1.8262403011322021,1.6880570933488863,0.49718785151856015,0.9898762654668166,9.726386704962137e-05,21.97215962409973,0.0,0.0
48,1.1981701850891113,1.6886838844179042,0.4949381327334083,0.9910011248593926,9.713331112000605e-05,21.488790035247803,0.0,0.0
49,1.093080997467041,1.6646434043401055,0.4881889763779528,0.9910011248593926,9.699980534320915e-05,21.331984281539917,0.0,0.0
50,1.5480321645736694,1.6527027409257633,0.5061867266591676,0.9910011248593926,9.6863358164302e-05,21.710105895996094,0.0,0.0
51,1.7138993740081787,1.6972272719389625,0.47581552305961755,0.9932508436445444,9.672397821441794e-05,21.846101999282837,0.0,0.0
52,1.8361371755599976,1.6378869922565562,0.5050618672665916,0.9943757030371203,9.658167431020633e-05,21.298412561416626,0.0,0.0
53,0.7916067838668823,1.6647923942655325,0.5061867266591676,0.9898762654668166,9.643645545327482e-05,21.817919492721558,0.0,0.0
54,0.865653395652771,1.6774840539853488,0.49606299212598426,0.9898762654668166,9.628833082961999e-05,21.83857750892639,0.0,0.0
55,0.4988275170326233,1.6858835990673728,0.4915635545556805,0.9910011248593926,9.61373098090462e-05,21.425633192062378,0.0,0.0
56,1.4671437740325928,1.7397666671313345,0.4769403824521935,0.9932508436445444,9.598340194457305e-05,21.32005214691162,0.0,0.0
57,0.9875381588935852,1.6525942934011775,0.4904386951631046,0.9910011248593926,9.582661697183086e-05,22.85475754737854,0.0,0.0
58,2.7224068641662598,1.6766638896827186,0.4949381327334083,0.9921259842519685,9.566696480844501e-05,21.90483283996582,0.0,0.0
59,1.6981117725372314,1.7146855105779,0.4814398200224972,0.9898762654668166,9.550445555340857e-05,21.690870761871338,0.0,0.0
60,1.6231768131256104,1.6588239521453423,0.5016872890888638,0.9898762654668166,9.533909948644338e-05,21.912469625473022,0.0,0.0
61,1.3776549100875854,1.6386042729552304,0.5028121484814398,0.9921259842519685,9.517090706734989e-05,21.647705793380737,0.0,0.0
62,0.9052205085754395,1.6269290221056767,0.5050618672665916,0.9910011248593926,9.499988893534545e-05,21.67863130569458,0.0,0.0
63,0.8842521905899048,1.5897757478856616,0.5230596175478065,0.9887514060742407,9.482605590839138e-05,22.389405012130737,0.0,0.0
64,0.6025959849357605,1.6686384317997311,0.5073115860517435,0.9910011248593926,9.464941898250857e-05,21.90842056274414,0.0,0.0
65,1.0748846530914307,1.5991362633981876,0.5174353205849269,0.9898762654668166,9.446998933108202e-05,21.525737047195435,0.0,0.0
66,0.7689356207847595,1.6527263442320483,0.4983127109111361,0.9932508436445444,9.428777830415395e-05,21.582536935806274,0.0,0.0
67,1.1959924697875977,1.6668107237201184,0.5061867266591676,0.9932508436445444,9.410279742770597e-05,21.488622188568115,0.0,0.0
68,0.8279924988746643,1.5976020468931114,0.532058492688414,0.9898762654668166,9.391505840292983e-05,21.301795721054077,0.0,0.0
69,1.1476157903671265,1.6451811828717058,0.4949381327334083,0.9932508436445444,9.372457310548738e-05,21.558655500411987,0.0,0.0
70,2.2399790287017822,1.6021261781986271,0.5174353205849269,0.9943757030371203,9.353135358475931e-05,21.73109531402588,0.0,0.0
71,1.9379645586013794,1.6184308144729584,0.5106861642294713,0.9921259842519685,9.33354120630829e-05,23.007311820983887,0.0,0.0
72,1.0972814559936523,1.5621675043034233,0.5354330708661418,0.9921259842519685,9.3136760934979e-05,21.84322214126587,0.0,0.0
73,1.1024268865585327,1.6511432297161914,0.5208098987626547,0.9910011248593926,9.293541276636788e-05,21.4425208568573,0.0,0.0
74,1.8315544128417969,1.590894388301032,0.5061867266591676,0.9943757030371203,9.273138029377443e-05,21.648070335388184,0.0,0.0
75,1.4892616271972656,1.614840238089008,0.5185601799775028,0.9910011248593926,9.25246764235225e-05,22.34063696861267,0.0,0.0
76,2.2442398071289062,1.5703197999059089,0.5331833520809899,0.9921259842519685,9.231531423091838e-05,21.685248374938965,0.0,0.0
77,2.1799657344818115,1.7635156316682696,0.4769403824521935,0.9921259842519685,9.210330695942393e-05,21.971322536468506,0.0,0.0
78,1.4660217761993408,1.5838662298130137,0.5343082114735658,0.9921259842519685,9.188866801981859e-05,22.242498874664307,0.0,0.0
79,0.5775043964385986,1.6743667434368814,0.5039370078740157,0.9921259842519685,9.167141098935125e-05,21.63337731361389,0.0,0.0
80,0.8605854511260986,1.600164459685662,0.5410573678290214,0.9932508436445444,9.145154961088133e-05,21.97496199607849,0.0,0.0
81,1.0363242626190186,1.589955106710217,0.5331833520809899,0.9876265466816648,9.122909779200947e-05,21.92877984046936,0.0,0.0
82,1.2658441066741943,1.675669345139925,0.5219347581552306,0.9910011248593926,9.10040696041978e-05,21.908272743225098,0.0,0.0
83,1.2514935731887817,1.6586884696568762,0.5095613048368954,0.9910011248593926,9.07764792818798e-05,21.97187852859497,0.0,0.0
84,1.5320401191711426,1.6197665148481195,0.5140607424071991,0.9943757030371203,9.05463412215599e-05,23.251766681671143,0.0,0.0
85,0.7753200531005859,1.5555793431121856,0.5601799775028121,0.9932508436445444,9.031366998090287e-05,21.71370005607605,0.0,0.0
86,0.9574772715568542,1.5922235967591405,0.5219347581552306,0.9910011248593926,9.007848027781283e-05,21.658042192459106,0.0,0.0
87,1.378661036491394,1.5950174951327167,0.5399325084364455,0.9921259842519685,8.984078698950238e-05,21.994075298309326,0.0,0.0
88,1.416467547416687,1.603541557344475,0.5241844769403825,0.9943757030371203,8.960060515155142e-05,22.034375190734863,0.0,0.0
89,0.8987396359443665,1.68370544453085,0.4938132733408324,0.9910011248593926,8.935794995695617e-05,21.94089913368225,0.0,0.0
90,1.0809091329574585,1.6580018235503562,0.5208098987626547,0.9910011248593926,8.9112836755168e-05,22.449995040893555,0.0,0.0
91,0.7515718936920166,1.6848294116290552,0.5174353205849269,0.9910011248593926,8.886528105112253e-05,21.951155185699463,0.0,0.0
92,0.9301866888999939,1.5543763960179473,0.5343082114735658,0.9932508436445444,8.861529850425889e-05,22.30001425743103,0.0,0.0
93,0.9848824143409729,1.5543942605810506,0.5579302587176603,0.9943757030371203,8.836290492752909e-05,22.043307304382324,0.0,0.0
94,1.3105127811431885,1.5800220909794527,0.532058492688414,0.9943757030371203,8.810811628639778e-05,22.108136653900146,0.0,0.0
95,1.4086434841156006,1.5748658158616828,0.5511811023622047,0.9921259842519685,8.785094869783239e-05,22.515042066574097,0.0,0.0
96,0.834951639175415,1.6467733762360044,0.5241844769403825,0.9898762654668166,8.759141842928353e-05,22.24116539955139,0.0,0.0
97,0.7630031108856201,1.6171867253724486,0.5286839145106862,0.9932508436445444,8.732954189765604e-05,22.144123554229736,0.0,0.0
98,1.170560598373413,1.605050721205771,0.5298087739032621,0.9921259842519685,8.706533566827052e-05,23.338737964630127,0.0,0.0
99,0.5861095190048218,1.577681316129331,0.5444319460067492,0.9932508436445444,8.679881645381544e-05,21.720589637756348,0.0,0.0
100,0.6191615462303162,1.594671641077314,0.5466816647919011,0.9943757030371203,8.653000111328996e-05,21.590898036956787,0.0,0.0
101,1.0710781812667847,1.6708229701533648,0.5298087739032621,0.9932508436445444,8.625890665093751e-05,21.425507068634033,0.0,0.0
102,0.22162596881389618,1.53705093422572,0.5410573678290214,0.9955005624296963,8.598555021517022e-05,22.22648549079895,0.0,0.0
103,1.4449164867401123,1.615540411672555,0.5354330708661418,0.9921259842519685,8.570994909748401e-05,21.733386754989624,0.0,0.0
104,1.2769867181777954,1.6125597299209662,0.5343082114735658,0.9943757030371203,8.543212073136497e-05,21.840957403182983,0.0,0.0
105,1.5295263528823853,1.6520135747601412,0.530933633295838,0.9943757030371203,8.515208269118654e-05,21.728923559188843,0.0,0.0
106,0.9006402492523193,1.5863481787632085,0.5354330708661418,0.9910011248593926,8.486985269109773e-05,21.308966636657715,0.0,0.0
107,1.1715031862258911,1.651013444211068,0.5376827896512936,0.9932508436445444,8.458544858390271e-05,21.857033491134644,0.0,0.0
108,0.7945660948753357,1.6041928614223642,0.5444319460067492,0.9921259842519685,8.429888835993143e-05,21.94934868812561,0.0,0.0
109,0.9573202729225159,1.60351474802675,0.5343082114735658,0.9910011248593926,8.401019014590165e-05,22.30569076538086,0.0,0.0
110,0.6897658705711365,1.6402266889677517,0.5399325084364455,0.9932508436445444,8.371937220377232e-05,21.827473878860474,0.0,0.0
111,0.837135374546051,1.6541234008036554,0.5433070866141733,0.9943757030371203,8.342645292958835e-05,25.34203338623047,0.0,0.0
112,1.1890071630477905,1.643831356478456,0.547806524184477,0.9910011248593926,8.313145085231704e-05,22.113867044448853,0.0,0.0
113,0.913729190826416,1.6117795470303722,0.5489313835770528,0.9921259842519685,8.28343846326759e-05,21.59824228286743,0.0,0.0
114,1.1982756853103638,1.6582119883969426,0.532058492688414,0.9932508436445444,8.253527306195233e-05,21.829066038131714,0.0,0.0
115,1.0809980630874634,1.5948614456823893,0.5523059617547806,0.9943757030371203,8.223413506081487e-05,21.488836526870728,0.0,0.0
116,0.5875787734985352,1.6365167912361878,0.545556805399325,0.9966254218222722,8.193098967811646e-05,21.732837438583374,0.0,0.0
117,1.0997830629348755,1.6301711698594903,0.5354330708661418,0.9943757030371203,8.162585608968935e-05,21.866239070892334,0.0,0.0
118,0.37594082951545715,1.605389571598997,0.5613048368953881,0.9898762654668166,8.131875359713222e-05,21.490573406219482,0.0,0.0
119,0.309622585773468,1.6023577926846753,0.5489313835770528,0.9943757030371203,8.100970162658917e-05,21.675913095474243,0.0,0.0
120,1.2915165424346924,1.5889732855970837,0.5444319460067492,0.9955005624296963,8.069871972752093e-05,21.886452198028564,0.0,0.0
121,0.517126202583313,1.559143670269155,0.5658042744656918,0.9921259842519685,8.038582757146825e-05,21.484968662261963,0.0,0.0
122,0.659343957901001,1.613705946664725,0.547806524184477,0.9921259842519685,8.007104495080744e-05,22.18121600151062,0.0,0.0
123,0.5226496458053589,1.670075967109629,0.532058492688414,0.9887514060742407,7.975439177749853e-05,21.55899453163147,0.0,0.0
124,1.1949573755264282,1.7459686961291092,0.5253093363329584,0.9876265466816648,7.943588808182565e-05,21.633471727371216,0.0,0.0
125,1.1602026224136353,1.6401399398788012,0.5523059617547806,0.9921259842519685,7.911555401112996e-05,24.215938329696655,0.0,0.0
126,0.7225239872932434,1.629471877922437,0.5579302587176603,0.9910011248593926,7.879340982853523e-05,22.36352038383484,0.0,0.0
127,1.5867313146591187,1.607316097344405,0.545556805399325,0.9910011248593926,7.846947591166612e-05,21.748690605163574,0.0,0.0
128,0.19707007706165314,1.6059943863323756,0.5635545556805399,0.9921259842519685,7.814377275135908e-05,21.748218297958374,0.0,0.0
129,0.7097432017326355,1.6314925816675117,0.5545556805399325,0.9921259842519685,7.78163209503662e-05,21.84840703010559,0.0,0.0
130,0.7984888553619385,1.5922232307493687,0.5545556805399325,0.9910011248593926,7.748714122205201e-05,21.42267346382141,0.0,0.0
131,0.11638393998146057,1.6116815278572696,0.547806524184477,0.9910011248593926,7.715625438908321e-05,21.485424280166626,0.0,0.0
132,0.6596759557723999,1.6212919861676969,0.5534308211473565,0.9921259842519685,7.682368138211148e-05,21.7721004486084,0.0,0.0
133,1.1562453508377075,1.6932911654668195,0.5399325084364455,0.9921259842519685,7.64894432384495e-05,21.347703456878662,0.0,0.0
134,0.7720779180526733,1.6055547095602378,0.5579302587176603,0.9921259842519685,7.615356110074019e-05,21.28820276260376,0.0,0.0
135,0.5015743374824524,1.614089714945294,0.5635545556805399,0.9921259842519685,7.581605621561937e-05,21.780267238616943,0.0,0.0
136,1.1336320638656616,1.7266876097336146,0.5388076490438695,0.9898762654668166,7.547694993237168e-05,21.817451000213623,0.0,0.0
137,1.7884304523468018,1.5965728026349097,0.562429696287964,0.9955005624296963,7.51362637015802e-05,21.85469889640808,0.0,0.0
138,0.752186119556427,1.5912110392569698,0.5815523059617548,0.9943757030371203,7.479401907376953e-05,21.654441833496094,0.0,0.0
139,1.2898926734924316,1.5843346386017012,0.5826771653543307,0.9932508436445444,7.445023769804256e-05,22.982888221740723,0.0,0.0
140,0.9981252551078796,1.59956980016016,0.5680539932508436,0.9943757030371203,7.410494132071103e-05,21.50934386253357,0.0,0.0
141,0.6091644167900085,1.6329071794420347,0.562429696287964,0.9943757030371203,7.375815178392e-05,21.781757593154907,0.0,0.0
142,0.7141896486282349,1.6652285368015458,0.5444319460067492,0.9955005624296963,7.340989102426614e-05,21.209657907485962,0.0,0.0
143,0.4051208794116974,1.6185475968689258,0.562429696287964,0.9943757030371203,7.306018107141017e-05,21.750796794891357,0.0,0.0
144,1.0013866424560547,1.7088425073307008,0.5433070866141733,0.9910011248593926,7.27090440466832e-05,23.474223375320435,0.0,0.0
145,1.4413079023361206,1.6288104299123265,0.5601799775028121,0.9932508436445444,7.235650216168762e-05,29.022201776504517,0.0,0.0
146,0.5105412006378174,1.6312808172494573,0.5590551181102362,0.9932508436445444,7.200257771689192e-05,21.706621408462524,0.0,0.0
147,0.01841907389461994,1.7319188834101493,0.5376827896512936,0.9910011248593926,7.164729310022009e-05,21.78708553314209,0.0,0.0
148,1.525765061378479,1.6300748460926116,0.5523059617547806,0.9932508436445444,7.129067078563552e-05,21.506471157073975,0.0,0.0
149,1.4058960676193237,1.7015771273124431,0.5590551181102362,0.9921259842519685,7.093273333171929e-05,21.857934713363647,0.0,0.0
150,1.225268840789795,1.7732072586991958,0.5196850393700787,0.9955005624296963,7.057350338024319e-05,22.137737274169922,0.0,0.0
151,0.5656258463859558,1.6325484855333343,0.562429696287964,0.9943757030371203,7.021300365473756e-05,21.59966731071472,0.0,0.0
152,0.8499005436897278,1.6006141261064581,0.5545556805399325,0.9921259842519685,6.985125695905385e-05,22.272276163101196,0.0,0.0
153,0.3646734058856964,1.6070877987991221,0.5770528683914511,0.9932508436445444,6.948828617592215e-05,22.702844381332397,0.0,0.0
154,0.30523234605789185,1.6514519535370968,0.5646794150731158,0.9910011248593926,6.912411426550365e-05,21.930747985839844,0.0,0.0
155,0.6215968132019043,1.5985137489956938,0.562429696287964,0.9932508436445444,6.875876426393837e-05,21.94524335861206,0.0,0.0
156,0.6115484833717346,1.714118784659409,0.547806524184477,0.9921259842519685,6.839225928188792e-05,22.18062448501587,0.0,0.0
157,0.608435869216919,1.6613435689193596,0.5590551181102362,0.9910011248593926,6.802462250307357e-05,21.820005416870117,0.0,0.0
158,1.1639925241470337,1.6987977319929217,0.5511811023622047,0.9921259842519685,6.765587718280982e-05,22.528136253356934,0.0,0.0
159,0.6003181338310242,1.6568328336080802,0.5556805399325084,0.9910011248593926,6.728604664653332e-05,22.489797592163086,0.0,0.0
160,1.4300507307052612,1.6962976535183512,0.5500562429696289,0.9910011248593926,6.691515428832736e-05,24.31873106956482,0.0,0.0
161,0.7563006281852722,1.6562487050957446,0.562429696287964,0.9921259842519685,6.654322356944208e-05,22.71560525894165,0.0,0.0
162,0.4581054747104645,1.7080862603449662,0.5680539932508436,0.9887514060742407,6.617027801681045e-05,21.686795473098755,0.0,0.0
163,0.4032917320728302,1.6996691657363303,0.562429696287964,0.9910011248593926,6.57963412215599e-05,21.915907621383667,0.0,0.0
164,0.4083395302295685,1.700426216237247,0.5466816647919011,0.9943757030371203,6.542143683752019e-05,22.52482271194458,0.0,0.0
165,0.6655413508415222,1.6844363642823217,0.5646794150731158,0.9943757030371203,6.504558857972707e-05,22.83422589302063,0.0,0.0
166,1.1104336977005005,1.692214109968128,0.5466816647919011,0.9921259842519685,6.466882022292221e-05,23.372174501419067,0.0,0.0
167,0.4725312888622284,1.7765227088904274,0.5410573678290214,0.9921259842519685,6.429115560004923e-05,21.613134384155273,0.0,0.0
168,0.7983826994895935,1.6963966148240226,0.5613048368953881,0.9955005624296963,6.391261860074616e-05,22.282222509384155,0.0,0.0
169,0.28676506876945496,1.759662296323638,0.5466816647919011,0.9932508436445444,6.353323316983429e-05,21.220656394958496,0.0,0.0
170,0.7729624509811401,1.7747912904513734,0.5421822272215973,0.9898762654668166,6.315302330580349e-05,21.820422887802124,0.0,0.0
171,0.2035888433456421,1.6996943919553555,0.5590551181102362,0.9955005624296963,6.277201305929413e-05,22.06656002998352,0.0,0.0
172,0.6744977235794067,1.6321686636240753,0.5691788526434196,0.9932508436445444,6.239022653157578e-05,21.69118046760559,0.0,0.0
173,0.9084774255752563,1.673079674389945,0.5703037120359955,0.9932508436445444,6.200768787302263e-05,22.180683851242065,0.0,0.0
174,0.8308454751968384,1.7034044312645815,0.5658042744656918,0.9932508436445444,6.162442128158582e-05,24.696494340896606,0.0,0.0
175,0.6030041575431824,1.691035631761354,0.5545556805399325,0.9943757030371203,6.124045100126275e-05,21.950916290283203,0.0,0.0
176,1.113999366760254,1.6901366675738245,0.5748031496062992,0.9932508436445444,6.085580132056353e-05,21.868051767349243,0.0,0.0
177,0.31787705421447754,1.662287118279242,0.5826771653543307,0.9955005624296963,6.047049657097462e-05,21.865846157073975,0.0,0.0
178,0.8646256327629089,1.6409400548519832,0.5883014623172104,0.9932508436445444,6.008456112541962e-05,22.05740213394165,0.0,0.0
179,0.6712852716445923,1.6838240612830435,0.5646794150731158,0.9921259842519685,5.969801939671758e-05,22.458216905593872,0.0,0.0
180,0.8082679510116577,1.6893326498767627,0.5815523059617548,0.9932508436445444,5.931089583603875e-05,21.822301626205444,0.0,0.0
181,1.0753782987594604,1.6958691728567439,0.5635545556805399,0.9955005624296963,5.8923214931357845e-05,21.55734872817993,0.0,0.0
182,0.24614498019218445,1.7003927595214918,0.5725534308211474,0.9921259842519685,5.853500120590507e-05,21.74940276145935,0.0,0.0
183,0.5310937166213989,1.7352857144433074,0.5601799775028121,0.9943757030371203,5.8146279216614885e-05,21.614604234695435,0.0,0.0
184,0.7131726741790771,1.7452182492208002,0.5590551181102362,0.9921259842519685,5.775707355257259e-05,21.5727641582489,0.0,0.0
185,1.1194928884506226,1.6771466687621017,0.5793025871766029,0.9910011248593926,5.7367408833458896e-05,21.657317638397217,0.0,0.0
186,0.5689406991004944,1.6625549968864237,0.5646794150731158,0.9921259842519685,5.697730970799262e-05,21.626288652420044,0.0,0.0
187,0.6005610227584839,1.6891810513666965,0.5770528683914511,0.9921259842519685,5.658680085237148e-05,21.22901678085327,0.0,0.0
188,0.018269170075654984,1.7420732499033744,0.578177727784027,0.9910011248593926,5.619590696871121e-05,21.479660272598267,0.0,0.0
189,0.4350689947605133,1.6981901351994435,0.5658042744656918,0.9932508436445444,5.580465278348292e-05,21.990854263305664,0.0,0.0
190,0.3379090130329132,1.6990533836485286,0.5725534308211474,0.9932508436445444,5.541306304594906e-05,21.784162282943726,0.0,0.0
191,0.644938051700592,1.7344970283697225,0.5646794150731158,0.9921259842519685,5.502116252659785e-05,22.26495599746704,0.0,0.0
192,1.1064667701721191,1.723444060921403,0.5691788526434196,0.9921259842519685,5.4628976015576376e-05,21.911784887313843,0.0,0.0
193,0.8055466413497925,1.6967642064306088,0.5759280089988752,0.9955005624296963,5.4236528321122514e-05,24.241973638534546,0.0,0.0
194,0.5020409226417542,1.7468406502490066,0.5601799775028121,0.9955005624296963,5.3843844267995595e-05,21.66510009765625,0.0,0.0
195,0.7957514524459839,1.692522986334682,0.5804274465691789,0.9910011248593926,5.345094869590608e-05,21.865768909454346,0.0,0.0
196,0.3084624111652374,1.7328776711531515,0.5646794150731158,0.9932508436445444,5.305786645794439e-05,21.386287689208984,0.0,0.0
197,0.8936930894851685,1.7420563340835673,0.5669291338582677,0.9943757030371203,5.266462241900865e-05,21.678179264068604,0.0,0.0
198,0.9402779936790466,1.723982716602872,0.5725534308211474,0.9955005624296963,5.227124145423194e-05,21.823113441467285,0.0,0.0
199,1.1861772537231445,1.7151125186023168,0.5658042744656918,0.9932508436445444,5.187774844740877e-05,21.557995557785034,0.0,0.0
200,0.9748279452323914,1.6688579775343118,0.5804274465691789,0.9955005624296963,5.148416828942098e-05,21.57925319671631,0.0,0.0
201,0.3726745843887329,1.730996205754179,0.5646794150731158,0.9966254218222722,5.1090525876663254e-05,22.193742036819458,0.0,0.0
202,1.2549656629562378,1.707315731727119,0.5669291338582677,0.9955005624296963,5.06968461094683e-05,22.171271562576294,0.0,0.0
203,0.5271729826927185,1.7297304751035492,0.5725534308211474,0.9943757030371203,5.03031538905317e-05,21.80228853225708,0.0,0.0
204,0.4022713601589203,1.6797909114393406,0.5759280089988752,0.9921259842519685,4.990947412333675e-05,22.256840229034424,0.0,0.0
205,0.6687374711036682,1.6670500845149425,0.5736782902137233,0.9966254218222722,4.951583171057902e-05,22.004180192947388,0.0,0.0
206,0.699245274066925,1.6405106888934304,0.5883014623172104,0.9932508436445444,4.9122251552591225e-05,22.337575912475586,0.0,0.0
207,0.38476768136024475,1.7193406317050435,0.5680539932508436,0.9943757030371203,4.872875854576805e-05,23.279053211212158,0.0,0.0
208,0.6647307276725769,1.7188560284391445,0.5658042744656918,0.9932508436445444,4.833537758099136e-05,21.742366552352905,0.0,0.0
209,1.2391988039016724,1.692958821825284,0.5703037120359955,0.9932508436445444,4.794213354205562e-05,21.328861951828003,0.0,0.0
210,1.4006261825561523,1.7315583620719346,0.5646794150731158,0.9966254218222722,4.754905130409392e-05,21.573418617248535,0.0,0.0
211,0.37284108996391296,1.740639938723429,0.5736782902137233,0.9943757030371203,4.715615573200442e-05,22.19274091720581,0.0,0.0
212,0.7405497431755066,1.7627449679587568,0.5703037120359955,0.9966254218222722,4.6763471678877494e-05,21.34194564819336,0.0,0.0
213,0.06567488610744476,1.7285516041530562,0.5691788526434196,0.9955005624296963,4.637102398442361e-05,21.71831512451172,0.0,0.0
214,0.9884438514709473,1.7502841225692205,0.5748031496062992,0.9932508436445444,4.5978837473402156e-05,21.700666427612305,0.0,0.0
215,0.967247724533081,1.769805888188005,0.5691788526434196,0.9955005624296963,4.5586936954050946e-05,21.85114073753357,0.0,0.0
216,0.9589229226112366,1.7095620313692572,0.5770528683914511,0.9943757030371203,4.519534721651709e-05,22.023800134658813,0.0,0.0
217,0.4224998354911804,1.7116979027216854,0.5815523059617548,0.9943757030371203,4.480409303128881e-05,21.711005449295044,0.0,0.0
218,0.15098439157009125,1.6777127458065348,0.5838020247469067,0.9955005624296963,4.441319914762854e-05,21.945059061050415,0.0,0.0
219,0.24469472467899323,1.6820860477995925,0.5894263217097863,0.9943757030371203,4.40226902920074e-05,22.264708518981934,0.0,0.0
220,0.47268152236938477,1.8201264963551824,0.5556805399325084,0.9932508436445444,4.363259116654112e-05,24.53549838066101,0.0,0.0
221,0.3084923326969147,1.741083497713719,0.5613048368953881,0.9932508436445444,4.324292644742742e-05,22.823055267333984,0.0,0.0
222,1.1020160913467407,1.7540194305142254,0.5725534308211474,0.9966254218222722,4.285372078338511e-05,22.068081617355347,0.0,0.0
223,0.4312598407268524,1.7496517719534626,0.5691788526434196,0.9921259842519685,4.2464998794094935e-05,21.83412218093872,0.0,0.0
224,0.023524045944213867,1.7349663224304095,0.5714285714285714,0.9966254218222722,4.207678506864215e-05,22.412351846694946,0.0,0.0
225,0.17612554132938385,1.7186029494873114,0.5793025871766029,0.9943757030371203,4.168910416396125e-05,22.627192735671997,0.0,0.0
226,0.6170257329940796,1.7334788231611518,0.578177727784027,0.9943757030371203,4.130198060328241e-05,22.350056886672974,0.0,0.0
227,0.7318775057792664,1.7237714278786112,0.5826771653543307,0.9932508436445444,4.091543887458037e-05,22.96290397644043,0.0,0.0
228,0.5362035036087036,1.6720930017431133,0.5894263217097863,0.9932508436445444,4.0529503429025366e-05,21.89120650291443,0.0,0.0
229,0.6863044500350952,1.7449525933313583,0.5793025871766029,0.9921259842519685,4.014419867943646e-05,21.57193636894226,0.0,0.0
230,0.29998400807380676,1.7046067423320241,0.5849268841394826,0.9943757030371203,3.975954899873724e-05,21.92310667037964,0.0,0.0
231,0.3879142105579376,1.736718975074057,0.5635545556805399,0.9977502812148481,3.937557871841417e-05,22.06128692626953,0.0,0.0
232,0.3571013808250427,1.7403657431714237,0.5691788526434196,0.9966254218222722,3.899231212697734e-05,22.150705575942993,0.0,0.0
233,0.23118479549884796,1.7538587491809656,0.5759280089988752,0.9955005624296963,3.860977346842419e-05,25.318350315093994,0.0,0.0
234,0.406827449798584,1.7737568237353116,0.5646794150731158,0.9955005624296963,3.8227986940705856e-05,23.37195920944214,0.0,0.0
235,0.31264108419418335,1.7187624309777416,0.5804274465691789,0.9943757030371203,3.784697669419648e-05,21.676888942718506,0.0,0.0
236,0.6653028130531311,1.7282338062899985,0.5691788526434196,0.9966254218222722,3.746676683016568e-05,21.808738946914673,0.0,0.0
237,0.21835735440254211,1.7422833905854662,0.5815523059617548,0.9955005624296963,3.708738139925381e-05,21.54806160926819,0.0,0.0
238,0.6025766730308533,1.7432019369443879,0.5714285714285714,0.9921259842519685,3.6708844399950754e-05,23.510766983032227,0.0,0.0
239,0.2806168496608734,1.7471919505457794,0.578177727784027,0.9898762654668166,3.633117977707777e-05,22.06183385848999,0.0,0.0
240,0.19508889317512512,1.7233749001918892,0.5804274465691789,0.9932508436445444,3.59544114202729e-05,21.91709613800049,0.0,0.0
241,1.0104376077651978,1.7297580780162076,0.5793025871766029,0.9955005624296963,3.557856316247979e-05,21.3911349773407,0.0,0.0
242,0.01966823637485504,1.7307091643285406,0.5691788526434196,0.9955005624296963,3.520365877844009e-05,21.578986644744873,0.0,0.0
243,0.46273699402809143,1.73558010619932,0.5860517435320585,0.9932508436445444,3.482972198318955e-05,21.709413051605225,0.0,0.0
244,0.23729020357131958,1.7472486334819612,0.5770528683914511,0.9943757030371203,3.44567764305579e-05,21.402591228485107,0.0,0.0
245,0.1636521965265274,1.7155646544249197,0.5860517435320585,0.9955005624296963,3.4084845711672636e-05,21.85870623588562,0.0,0.0
246,0.22432667016983032,1.8267671451321803,0.5669291338582677,0.9932508436445444,3.371395335346665e-05,21.662349700927734,0.0,0.0
247,0.5435127019882202,1.7520637831850243,0.5725534308211474,0.9943757030371203,3.3344122817190145e-05,25.034682035446167,0.0,0.0
248,0.010006288066506386,1.7495788648874233,0.5849268841394826,0.9932508436445444,3.29753774969264e-05,29.119053840637207,0.0,0.0
249,0.7363986968994141,1.7422663226856716,0.5815523059617548,0.9932508436445444,3.260774071811205e-05,41.82155704498291,0.0,0.0
250,0.9545026421546936,1.7314712865045294,0.5838020247469067,0.9955005624296963,3.224123573606159e-05,42.69123077392578,0.0,0.0
251,0.2146155834197998,1.7892538832633622,0.5748031496062992,0.9943757030371203,3.1875885734496316e-05,36.08315849304199,0.0,0.0
252,0.4247863292694092,1.7288551293064043,0.5793025871766029,0.9955005624296963,3.151171382407781e-05,25.913429498672485,0.0,0.0
253,0.8762454986572266,1.7055458423565142,0.578177727784027,0.9943757030371203,3.1148743040946115e-05,34.29304337501526,0.0,0.0
254,0.895317018032074,1.743769656475966,0.5826771653543307,0.9943757030371203,3.0786996345262404e-05,34.58322834968567,0.0,0.0
255,0.5176399946212769,1.7397660104408195,0.5748031496062992,0.9943757030371203,3.0426496619756786e-05,31.875109672546387,0.0,0.0
256,0.11167537420988083,1.7157770513357329,0.5770528683914511,0.9966254218222722,3.0067266668280663e-05,22.460739612579346,0.0,0.0
257,0.5760106444358826,1.7552144259347446,0.5714285714285714,0.9955005624296963,2.9709329214364425e-05,21.301440238952637,0.0,0.0
258,0.5474338531494141,1.7433374719403218,0.5838020247469067,0.9932508436445444,2.9352706899779868e-05,36.60578203201294,0.0,0.0
259,0.6809073686599731,1.7199362731189467,0.5804274465691789,0.9955005624296963,2.899742228310806e-05,36.85939264297485,0.0,0.0
260,0.09965293109416962,1.7640097828781498,0.5759280089988752,0.9943757030371203,2.8643497838312333e-05,41.306201696395874,0.0,0.0
261,0.6421741247177124,1.7545660494776842,0.5804274465691789,0.9932508436445444,2.8290955953316745e-05,44.266324043273926,0.0,0.0
262,0.6224403381347656,1.7462318730540574,0.5804274465691789,0.9921259842519685,2.7939818928589788e-05,33.52297902107239,0.0,0.0
263,0.2606826722621918,1.7347438584464336,0.578177727784027,0.9932508436445444,2.75901089757338e-05,44.50484108924866,0.0,0.0
264,0.238427996635437,1.719917147337193,0.5691788526434196,0.9932508436445444,2.7241848216079953e-05,49.77665591239929,0.0,0.0
265,0.6794962882995605,1.7868345599272288,0.5748031496062992,0.9932508436445444,2.6895058679288932e-05,35.9344847202301,0.0,0.0
266,0.9248037934303284,1.7932448969887835,0.5680539932508436,0.9921259842519685,2.6549762301957407e-05,22.395005464553833,0.0,0.0
267,0.3986329436302185,1.7708725918782875,0.5736782902137233,0.9921259842519685,2.6205980926230404e-05,25.745560884475708,0.0,0.0
268,0.7907602190971375,1.7517951668040561,0.5736782902137233,0.9932508436445444,2.5863736298419726e-05,28.594260454177856,0.0,0.0
269,0.8343955874443054,1.7413341918727383,0.5826771653543307,0.9943757030371203,2.552305006762826e-05,25.373132944107056,0.0,0.0
270,0.5861797332763672,1.7360435293105962,0.5770528683914511,0.9955005624296963,2.518394378438058e-05,26.702773332595825,0.0,0.0
271,0.763394296169281,1.7581515942916408,0.578177727784027,0.9921259842519685,2.4846438899259752e-05,26.822924613952637,0.0,0.0
272,0.8429569005966187,1.7283059127761848,0.5826771653543307,0.9932508436445444,2.4510556761550445e-05,32.02811050415039,0.0,0.0
273,0.78421950340271,1.7298417990179067,0.5860517435320585,0.9932508436445444,2.417631861788846e-05,35.370386838912964,0.0,0.0
274,0.020376594737172127,1.750271510075046,0.5759280089988752,0.9955005624296963,2.3843745610916733e-05,35.05585527420044,0.0,0.0
275,0.33055606484413147,1.7576731677150488,0.5815523059617548,0.9943757030371203,2.3512858777947942e-05,33.891850233078,0.0,0.0
276,0.40181854367256165,1.773372246326679,0.5680539932508436,0.9943757030371203,2.3183679049633765e-05,23.611111640930176,0.0,0.0
277,0.8745604157447815,1.769543684619878,0.578177727784027,0.9943757030371203,2.2856227248640867e-05,30.93193769454956,0.0,0.0
278,0.26994872093200684,1.7581495541713335,0.578177727784027,0.9943757030371203,2.253052408833381e-05,39.213538646698,0.0,0.0
279,0.5537122488021851,1.7557387192251295,0.5714285714285714,0.9955005624296963,2.22065901714647e-05,34.94754123687744,0.0,0.0
280,0.3112510144710541,1.7082264662520694,0.5826771653543307,0.9932508436445444,2.188444598886999e-05,34.744138956069946,0.0,0.0
281,0.42065683007240295,1.7328033790441364,0.5849268841394826,0.9943757030371203,2.1564111918174288e-05,35.65510630607605,0.0,0.0
282,0.9239116311073303,1.7356038005839634,0.578177727784027,0.9932508436445444,2.124560822250141e-05,34.51598358154297,0.0,0.0
283,0.40054818987846375,1.740001101820131,0.578177727784027,0.9943757030371203,2.0928955049192515e-05,35.46865367889404,0.0,0.0
284,0.8751209378242493,1.743623051567868,0.5838020247469067,0.9943757030371203,2.0614172428531715e-05,33.459721088409424,0.0,0.0
285,0.6231170296669006,1.777287777480004,0.5703037120359955,0.9932508436445444,2.0301280272479017e-05,32.55581331253052,0.0,0.0
286,0.5502498149871826,1.7698649258984784,0.5703037120359955,0.9943757030371203,1.999029837341079e-05,28.97361969947815,0.0,0.0
287,0.06794825196266174,1.7565422633945542,0.5804274465691789,0.9955005624296963,1.9681246402867748e-05,41.21841025352478,0.0,0.0
288,0.26725590229034424,1.76761282771726,0.5770528683914511,0.9955005624296963,1.9374143910310604e-05,34.39889311790466,0.0,0.0
289,0.642609715461731,1.7622712769828337,0.5703037120359955,0.9943757030371203,1.9069010321883495e-05,33.30116271972656,0.0,0.0
290,0.1837342083454132,1.7659118252423858,0.5669291338582677,0.9955005624296963,1.8765864939185078e-05,35.11057257652283,0.0,0.0
291,0.46005669236183167,1.7730274582198555,0.5736782902137233,0.9943757030371203,1.846472693804763e-05,35.48854327201843,0.0,0.0
292,0.09713800251483917,1.7705687258608773,0.5759280089988752,0.9932508436445444,1.816561536732406e-05,27.045273780822754,0.0,0.0
293,0.27724599838256836,1.7890478079373549,0.5658042744656918,0.9955005624296963,1.7868549147682933e-05,24.815786838531494,0.0,0.0
294,0.6414174437522888,1.7828199302270409,0.5770528683914511,0.9943757030371203,1.7573547070411625e-05,27.87698483467102,0.0,0.0
295,0.39568737149238586,1.7491324057960551,0.5804274465691789,0.9955005624296963,1.728062779622767e-05,21.253000497817993,0.0,0.0
296,0.5340930223464966,1.7771371460320162,0.5793025871766029,0.9955005624296963,1.6989809854098333e-05,32.46449542045593,0.0,0.0
297,0.20136316120624542,1.779353583140099,0.5736782902137233,0.9955005624296963,1.670111164006855e-05,34.89181995391846,0.0,0.0
298,0.25465747714042664,1.7600761021520677,0.578177727784027,0.9943757030371203,1.6414551416097268e-05,34.62449836730957,0.0,0.0
299,0.3888849914073944,1.745320282427461,0.5815523059617548,0.9943757030371203,1.6130147308902228e-05,34.594128131866455,0.0,0.0
300,0.5536072254180908,1.7477613286048705,0.5815523059617548,0.9955005624296963,1.5847917308813424e-05,34.71398377418518,0.0,0.0
301,0.2125055193901062,1.7538463496187302,0.5860517435320585,0.9955005624296963,1.5567879268634988e-05,35.118276834487915,0.0,0.0
302,0.4899758994579315,1.733076007936948,0.5748031496062992,0.9932508436445444,1.5290050902515965e-05,36.092856884002686,0.0,0.0
303,0.2676982581615448,1.7741927325509355,0.5815523059617548,0.9943757030371203,1.501444978482975e-05,33.974597692489624,0.0,0.0
304,0.3518148958683014,1.7755929749026629,0.578177727784027,0.9955005624296963,1.4741093349062445e-05,36.09454393386841,0.0,0.0
305,0.20125389099121094,1.7499943692320292,0.5748031496062992,0.9955005624296963,1.4469998886710015e-05,33.92455172538757,0.0,0.0
306,0.6125638484954834,1.7384343422267452,0.5860517435320585,0.9955005624296963,1.4201183546184536e-05,36.198124170303345,0.0,0.0
307,0.5700249075889587,1.7617396771176053,0.5815523059617548,0.9943757030371203,1.393466433172945e-05,36.68454122543335,0.0,0.0
308,0.3595699071884155,1.7499601882882416,0.5770528683914511,0.9932508436445444,1.3670458102343934e-05,35.642865896224976,0.0,0.0
309,0.6279614567756653,1.800538481620606,0.5748031496062992,0.9955005624296963,1.3408581570716453e-05,35.118813276290894,0.0,0.0
310,0.308885782957077,1.7788037666053111,0.5770528683914511,0.9955005624296963,1.3149051302167578e-05,38.40259790420532,0.0,0.0
311,0.5269075036048889,1.7538966960523144,0.5826771653543307,0.9955005624296963,1.2891883713602183e-05,38.80174016952515,0.0,0.0
312,0.052237823605537415,1.746762560597355,0.5815523059617548,0.9955005624296963,1.263709507247089e-05,39.09483623504639,0.0,0.0
313,0.3240547776222229,1.7667258096958645,0.5793025871766029,0.9943757030371203,1.2384701495741087e-05,37.741578817367554,0.0,0.0
314,0.29166293144226074,1.7720567250757344,0.5770528683914511,0.9955005624296963,1.2134718948877445e-05,37.91026425361633,0.0,0.0
315,0.3363885283470154,1.78742305383951,0.5815523059617548,0.9943757030371203,1.1887163244831982e-05,37.04559564590454,0.0,0.0
316,0.8087470531463623,1.755786849568332,0.578177727784027,0.9966254218222722,1.1642050043043809e-05,38.709150552749634,0.0,0.0
317,0.48880961537361145,1.7419653058625824,0.5871766029246345,0.9955005624296963,1.1399394848448563e-05,37.19602656364441,0.0,0.0
318,0.34638711810112,1.767189681110072,0.5770528683914511,0.9955005624296963,1.1159213010497624e-05,37.512680530548096,0.0,0.0
319,0.8446889519691467,1.7757689553878404,0.5838020247469067,0.9955005624296963,1.0921519722187168e-05,38.44294738769531,0.0,0.0
320,0.11062861979007721,1.781992328141184,0.5759280089988752,0.9943757030371203,1.0686330019097124e-05,36.21194100379944,0.0,0.0
321,0.016870029270648956,1.7823647464101668,0.5770528683914511,0.9955005624296963,1.0453658778440087e-05,37.50628185272217,0.0,0.0
322,0.21750201284885406,1.7854434904833656,0.5793025871766029,0.9943757030371203,1.0223520718120197e-05,37.46280884742737,0.0,0.0
323,0.3643813133239746,1.7715915554435924,0.5725534308211474,0.9943757030371203,9.995930395802193e-06,35.889768838882446,0.0,0.0
324,0.4535503685474396,1.7702239714313432,0.5759280089988752,0.9955005624296963,9.770902207990516e-06,36.73147416114807,0.0,0.0
325,0.2832738757133484,1.7619130807288457,0.5714285714285714,0.9955005624296963,9.548450389118649e-06,37.03950500488281,0.0,0.0
326,0.4828122556209564,1.774810855634444,0.5759280089988752,0.9955005624296963,9.32858901064873e-06,40.41212821006775,0.0,0.0
327,0.17664073407649994,1.763050076634889,0.5804274465691789,0.9955005624296963,9.111331980181389e-06,37.18793439865112,0.0,0.0
328,0.9809852838516235,1.7820339724213616,0.578177727784027,0.9955005624296963,8.896693040576044e-06,36.884846448898315,0.0,0.0
329,0.8424926996231079,1.7726889584446326,0.5759280089988752,0.9955005624296963,8.684685769081578e-06,35.99316191673279,0.0,0.0
330,0.5266521573066711,1.7527575609024748,0.5826771653543307,0.9955005624296963,8.475323576477478e-06,35.754677057266235,0.0,0.0
331,0.4796265959739685,1.7444106517442768,0.5793025871766029,0.9966254218222722,8.268619706225532e-06,35.68256616592407,0.0,0.0
332,0.21459230780601501,1.7724078077174323,0.5770528683914511,0.9955005624296963,8.064587233632075e-06,36.71562480926514,0.0,0.0
333,0.17392370104789734,1.7588321593149365,0.5826771653543307,0.9955005624296963,7.863239065020966e-06,37.14407157897949,0.0,0.0
334,0.35089701414108276,1.7652710361788715,0.5804274465691789,0.9955005624296963,7.664587936917053e-06,38.101640701293945,0.0,0.0
335,0.11395219713449478,1.7526283208031341,0.5804274465691789,0.9943757030371203,7.468646415240664e-06,36.386228799819946,0.0,0.0
336,0.3022669851779938,1.7630233067819583,0.5804274465691789,0.9955005624296963,7.275426894512574e-06,36.205973863601685,0.0,0.0
337,0.06589644402265549,1.763538297831214,0.5736782902137233,0.9943757030371203,7.0849415970701205e-06,36.37052321434021,0.0,0.0
338,0.24203242361545563,1.7683015673870355,0.5748031496062992,0.9955005624296963,6.897202572294e-06,35.590272188186646,0.0,0.0
339,0.19004330039024353,1.7609306011997563,0.5736782902137233,0.9955005624296963,6.712221695846007e-06,36.18087553977966,0.0,0.0
340,0.6770462393760681,1.7737934542362512,0.5736782902137233,0.9955005624296963,6.530010668917967e-06,36.36211276054382,0.0,0.0
341,0.6824023723602295,1.7684909628504621,0.5714285714285714,0.9955005624296963,6.350581017491401e-06,36.6563401222229,0.0,0.0
342,0.44703051447868347,1.7757198986530836,0.5759280089988752,0.9955005624296963,6.173944091608596e-06,37.34601926803589,0.0,0.0
343,0.3392738997936249,1.773514749789943,0.5748031496062992,0.9955005624296963,6.000111064654517e-06,35.29397177696228,0.0,0.0
344,0.2743017375469208,1.7567150757864252,0.5725534308211474,0.9955005624296963,5.829092932650083e-06,36.4844913482666,0.0,0.0
345,0.09941542893648148,1.7820922244656165,0.5748031496062992,0.9966254218222722,5.660900513556595e-06,36.06921577453613,0.0,0.0
346,0.09657560288906097,1.7715907301670606,0.5748031496062992,0.9966254218222722,5.495544446591407e-06,36.02156448364258,0.0,0.0
347,0.9083418846130371,1.7743407322559506,0.5748031496062992,0.9955005624296963,5.333035191554953e-06,35.78343844413757,0.0,0.0
348,0.9680594801902771,1.770823253875798,0.5759280089988752,0.9943757030371203,5.173383028169118e-06,35.87902760505676,0.0,0.0
349,0.3584783375263214,1.773719156934281,0.5759280089988752,0.9955005624296963,5.016598055426929e-06,33.83184885978699,0.0,0.0
350,0.24151214957237244,1.7677871051128022,0.5748031496062992,0.9955005624296963,4.86269019095376e-06,33.19950032234192,0.0,0.0
351,0.26285985112190247,1.7843597791340602,0.5714285714285714,0.9955005624296963,4.711669170379989e-06,35.85814166069031,0.0,0.0
352,0.061025138944387436,1.7678371400023545,0.5759280089988752,0.9955005624296963,4.563544546725141e-06,37.07180094718933,0.0,0.0
353,0.2854190766811371,1.7644471037700507,0.5759280089988752,0.9955005624296963,4.4183256897936386e-06,46.410768270492554,0.0,0.0
354,0.11673858761787415,1.7638146385018314,0.5703037120359955,0.9955005624296963,4.2760217855820175e-06,41.693095445632935,0.0,0.0
355,0.23777127265930176,1.7631874213901548,0.5736782902137233,0.9955005624296963,4.136641835697963e-06,37.21493482589722,0.0,0.0
356,0.7857118844985962,1.7767689042874346,0.5759280089988752,0.9955005624296963,4.000194656790812e-06,37.121636152267456,0.0,0.0
357,0.9633713364601135,1.7796793844068557,0.5725534308211474,0.9955005624296963,3.866688879993918e-06,26.77519726753235,0.0,0.0
358,0.007832861505448818,1.7738816814630158,0.5669291338582677,0.9955005624296963,3.736132950378598e-06,31.168581247329712,0.0,0.0
359,0.1561426818370819,1.770707003888674,0.5736782902137233,0.9955005624296963,3.6085351264200237e-06,35.9385199546814,0.0,0.0
360,0.43825650215148926,1.761749646048494,0.5703037120359955,0.9955005624296963,3.4839034794747533e-06,28.64745855331421,0.0,0.0
361,0.4367517828941345,1.792685572598462,0.5714285714285714,0.9955005624296963,3.3622458932701642e-06,24.338916778564453,0.0,0.0
362,0.1800987422466278,1.7720694240623354,0.5736782902137233,0.9955005624296963,3.243570063405821e-06,32.14639592170715,0.0,0.0
363,0.8590075373649597,1.769820167225719,0.5748031496062992,0.9955005624296963,3.1278834968665943e-06,38.17532658576965,0.0,0.0
364,0.6192264556884766,1.775891421936519,0.5736782902137233,0.9955005624296963,3.0151935115478925e-06,39.8506920337677,0.0,0.0
365,0.17438283562660217,1.7771034755028918,0.5736782902137233,0.9966254218222722,2.905507235792682e-06,37.780739545822144,0.0,0.0
366,0.38073214888572693,1.7842350907573876,0.5725534308211474,0.9955005624296963,2.798831607940609e-06,40.3720817565918,0.0,0.0
367,0.1876012533903122,1.775801032149632,0.5680539932508436,0.9966254218222722,2.6951733758890955e-06,39.50106453895569,0.0,0.0
368,0.3313751518726349,1.7729170862834767,0.5691788526434196,0.9966254218222722,2.5945390966665047e-06,38.63109612464905,0.0,0.0
369,0.19190526008605957,1.771733541465697,0.5748031496062992,0.9955005624296963,2.4969351360173715e-06,37.9799120426178,0.0,0.0
370,0.11670225858688354,1.7769148613026897,0.5714285714285714,0.9955005624296963,2.402367667999697e-06,38.31505608558655,0.0,0.0
371,0.43488699197769165,1.7735164869560063,0.5714285714285714,0.9955005624296963,2.310842674594452e-06,36.91698408126831,0.0,0.0
372,0.6538362503051758,1.7768485943171461,0.578177727784027,0.9955005624296963,2.2223659453271217e-06,36.55772042274475,0.0,0.0
373,0.34772932529449463,1.7770170520442272,0.5669291338582677,0.9955005624296963,2.136943076901529e-06,36.662652254104614,0.0,0.0
374,0.287418395280838,1.77093841302641,0.5703037120359955,0.9955005624296963,2.054579472845792e-06,37.49919629096985,0.0,0.0
375,0.5919106602668762,1.7752150060675507,0.5736782902137233,0.9966254218222722,1.97528034317051e-06,40.638426542282104,0.0,0.0
376,0.09969449043273926,1.7806741430374262,0.5703037120359955,0.9966254218222722,1.8990507040391978e-06,39.57962942123413,0.0,0.0
377,0.16753287613391876,1.7733715235870997,0.5703037120359955,0.9955005624296963,1.825895377451014e-06,35.87849426269531,0.0,0.0
378,0.6152793765068054,1.7720096904376987,0.5725534308211474,0.9955005624296963,1.7558189909356756e-06,24.115656852722168,0.0,0.0
379,0.6935611963272095,1.7789351143541612,0.5714285714285714,0.9955005624296963,1.6888259772608e-06,33.56318545341492,0.0,0.0
380,0.3520626723766327,1.7720118698115195,0.5770528683914511,0.9966254218222722,1.6249205741514963e-06,28.16326355934143,0.0,0.0
381,0.05168364197015762,1.7711548804737893,0.5736782902137233,0.9955005624296963,1.5641068240222466e-06,29.552294969558716,0.0,0.0
382,0.3184557557106018,1.7769209186579766,0.5736782902137233,0.9955005624296963,1.5063885737212727e-06,31.211161851882935,0.0,0.0
383,0.22460569441318512,1.7697153637085907,0.5725534308211474,0.9966254218222722,1.4517694742871457e-06,30.957313060760498,0.0,0.0
384,0.44179031252861023,1.7745361206096797,0.5770528683914511,0.9955005624296963,1.4002529807178783e-06,25.54663920402527,0.0,0.0
385,0.17662596702575684,1.770926143903385,0.5759280089988752,0.9955005624296963,1.3518423517523149e-06,27.351077556610107,0.0,0.0
386,0.16233426332473755,1.7752654066093132,0.5759280089988752,0.9955005624296963,1.3065406496640682e-06,38.12361431121826,0.0,0.0
387,0.1640487164258957,1.7789863090895648,0.5748031496062992,0.9955005624296963,1.2643507400677552e-06,39.361159563064575,0.0,0.0
388,0.3524545133113861,1.7751215650932863,0.5748031496062992,0.9955005624296963,1.225275291737758e-06,38.6106481552124,0.0,0.0
389,0.01870987005531788,1.7799035416516875,0.5748031496062992,0.9955005624296963,1.1893167764393876e-06,38.919652700424194,0.0,0.0
390,0.020624907687306404,1.774581110861618,0.5748031496062992,0.9955005624296963,1.1564774687725557e-06,39.22401165962219,0.0,0.0
391,0.14830328524112701,1.781678125120899,0.5748031496062992,0.9955005624296963,1.1267594460278674e-06,40.2973895072937,0.0,0.0
392,0.4226434528827667,1.7792899589237225,0.5736782902137233,0.9955005624296963,1.1001645880552265e-06,39.562532901763916,0.0,0.0
393,0.4744233191013336,1.7712955667271413,0.5736782902137233,0.9955005624296963,1.0766945771449436e-06,40.872246980667114,0.0,0.0
394,0.08821612596511841,1.7745316664804704,0.5759280089988752,0.9955005624296963,1.0563508979212697e-06,38.25572466850281,0.0,0.0
395,0.08394607156515121,1.7726763345334413,0.5736782902137233,0.9955005624296963,1.0391348372485588e-06,39.26575040817261,0.0,0.0
396,0.3846192955970764,1.774468734702428,0.5770528683914511,0.9955005624296963,1.0250474841497902e-06,39.502135276794434,0.0,0.0
397,0.11313410103321075,1.769764855287836,0.5714285714285714,0.9955005624296963,1.014089729737736e-06,38.04765319824219,0.0,0.0
398,0.9641275405883789,1.7786946428324362,0.5725534308211474,0.9955005624296963,1.0062622671585595e-06,37.547932386398315,0.0,0.0
399,0.12009896337985992,1.7799887370617529,0.5703037120359955,0.9955005624296963,1.001565591547994e-06,38.60711741447449,0.0,0.0
400,0.496288537979126,1.7735990000655875,0.5725534308211474,0.9955005624296963,1.0000000000000002e-06,37.57772159576416,0.0,0.0
401,0.3936861455440521,1.777473621286585,0.5703037120359955,0.9955005624296963,1.001565591547994e-06,43.9848575592041,0.0,0.0
402,0.2866692841053009,1.7776744906108692,0.5725534308211474,0.9955005624296963,1.0062622671585595e-06,40.4383761882782,0.0,0.0
403,0.39570730924606323,1.7789117293432355,0.5736782902137233,0.9955005624296963,1.0140897297377357e-06,37.82893681526184,0.0,0.0
404,0.35520580410957336,1.7774464600619726,0.5714285714285714,0.9955005624296963,1.0250474841497897e-06,46.5633647441864,0.0,0.0
405,0.12118035554885864,1.7760958615108393,0.5703037120359955,0.9955005624296963,1.0391348372485582e-06,60.902423620224,0.0,0.0
